id,fecha_hora,crs,ancho,alto,pix_x,pix_y,origen_x,origen_y,lat_centro,pix_real_m,dbz_max,pix_ge_umbral,score_match,dt_min,deriva_m,cambio_escala_pct,evento
1,2025-01-06 15:00:00,EPSG:3857,757,844,790.2562355681702,-790.2562355681702,-7859205.891699122,-3696639.242694872,-34.00986978485376,655.0759787326878,70.0,7931,0.8525,,,,1
2,2025-01-06 15:04:00,EPSG:3857,757,844,790.2562355681702,-790.2562355681702,-7859162.126642753,-3696624.173030936,-34.00975756843975,655.0768444450086,65.0,7354,0.8427,4.0,38.36910044923432,0.0,1
3,2025-01-06 15:08:00,EPSG:3857,757,843,790.2562355681702,-790.2562355681702,-7859242.620105788,-3697141.6019345303,-34.010668278270025,655.0698185489343,70.0,8307,0.8485,4.0,434.07766526144525,0.0,1
4,2025-01-06 15:12:00,EPSG:3857,758,852,790.2562355681702,-790.2562355681702,-7859504.419389656,-3692710.0974648483,-34.00414978003726,655.1201034674073,65.0,11179,0.9188,4.0,3679.8269100057455,0.0,1
5,2025-01-06 15:16:00,EPSG:3857,758,843,790.2562355681702,-790.2562355681702,-7859371.848468491,-3697167.0942559554,-34.010858104991996,655.0683540629269,65.0,8388,0.9075,4.0,3696.471388420746,0.0,1
6,2025-01-06 15:24:00,EPSG:3857,757,844,790.2562355681702,-790.2562355681702,-7859196.954297141,-3696518.307933556,-34.0089692386772,655.0829260761659,65.0,8862,0.9055,8.0,556.9974087560564,0.0,1
7,2025-01-06 15:28:00,EPSG:3857,757,844,790.2562355681702,-790.2562355681702,-7859198.754450541,-3696535.147930419,-34.0090946390488,655.0819586735578,65.0,8910,0.9195,4.0,14.039047465341813,0.0,1
8,2025-01-06 15:32:00,EPSG:3857,757,845,790.2562355681702,-790.2562355681702,-7859264.944408739,-3696395.046626219,-34.01099369379444,655.0673080103082,65.0,8591,0.97,4.0,128.44557253648995,0.0,1
9,2025-01-06 15:36:00,EPSG:3857,757,846,790.2562355681702,-790.2562355681702,-7859205.035200153,-3695779.8047614433,-34.00935462137684,655.0799530269031,65.0,10324,0.8914,4.0,512.4047450302029,0.0,1
10,2025-01-06 15:44:00,EPSG:3857,757,844,790.2562355681702,-790.2562355681702,-7859229.32526396,-3696451.4099881584,-34.00847107599459,655.0867691269132,65.0,10835,0.9033,8.0,557.0886395671757,0.0,1
11,2025-01-06 15:48:00,EPSG:3857,757,844,790.2562355681702,-790.2562355681702,-7859202.854469404,-3696474.5751810875,-34.00864357840424,655.0854383714286,65.0,11821,0.874,4.0,29.159059698542745,0.0,1
12,2025-01-06 15:52:00,EPSG:3857,754,854,790.2562355681702,-790.2562355681702,-7858222.271516622,-3693058.9942592513,-34.012632637369535,655.0546634516738,65.0,12241,0.8656,4.0,2945.7287989711967,0.0,1
13,2025-01-06 15:56:00,EPSG:3857,757,844,790.2562355681702,-790.2562355681702,-7859260.494472713,-3696617.1928458745,-34.00970559036662,655.0772454377079,70.0,12353,0.8676,4.0,3072.431295370624,0.0,1
14,2025-01-06 16:04:00,EPSG:3857,757,845,790.2562355681702,-790.2562355681702,-7859221.168829837,-3696327.5043960228,-34.01049074535336,655.0711881834853,70.0,12227,0.854,8.0,242.3377261345622,0.0,1
15,2025-01-06 16:08:00,EPSG:3857,754,852,790.2562355681702,-790.2562355681702,-7858005.307116214,-3693411.396470735,-34.00937219833306,655.0798174281098,65.0,12984,0.856,4.0,2618.96359530895,0.0,1
16,2025-01-06 16:12:00,EPSG:3857,757,845,790.2562355681702,-790.2562355681702,-7859359.325054153,-3696411.9516418334,-34.01111957533169,655.0663368448833,65.0,13206,0.8577,4.0,2728.8190067426835,0.0,1
17,2025-01-06 16:16:00,EPSG:3857,757,844,790.2562355681702,-790.2562355681702,-7859228.672334227,-3697035.9041567584,-34.01282347535482,655.0531910890917,65.0,14317,0.8635,4.0,528.4296610714435,0.0,1
18,2025-01-06 16:24:00,EPSG:3857,757,844,790.2562355681702,-790.2562355681702,-7859212.147365923,-3696390.612368913,-34.008018337506186,655.0902617120639,70.0,13661,0.8563,8.0,535.0657239616545,0.0,1
19,2025-01-06 16:28:00,EPSG:3857,757,843,790.2562355681702,-790.2562355681702,-7859211.152622143,-3697153.897160608,-34.010759833831955,655.0691122117677,65.0,14484,0.8711,4.0,632.7325696063846,0.0,1
20,2025-01-06 16:32:00,EPSG:3857,757,845,790.2562355681702,-790.2562355681702,-7859270.113433556,-3696363.804342697,-34.01076105070972,655.0691028237305,70.0,14611,0.878,4.0,656.7547533994434,0.0,1
21,2025-01-06 16:36:00,EPSG:3857,757,844,790.2562355681702,-790.2562355681702,-7859280.781970996,-3696579.7591105527,-34.00942683884298,655.07939589926,70.0,14979,0.8486,4.0,179.23024155870166,0.0,1
22,2025-01-06 16:44:00,EPSG:3857,757,845,790.2562355681702,-790.2562355681702,-7859332.649412296,-3696412.958569995,-34.01112707331739,655.0662789984573,70.0,16698,0.8714,8.0,144.79914084097337,0.0,1
23,2025-01-06 16:48:00,EPSG:3857,757,844,790.2562355681702,-790.2562355681702,-7859235.960119738,-3696531.4204839664,-34.00906688233925,655.082172803283,65.0,19593,0.8706,4.0,126.75308912207609,0.0,1
24,2025-01-06 16:52:00,EPSG:3857,757,845,790.2562355681702,-790.2562355681702,-7859215.541531059,-3696325.473517174,-34.010475622511485,655.0713048532023,65.0,21200,0.8661,4.0,171.55655675647344,0.0,1
25,2025-01-06 16:56:00,EPSG:3857,757,844,790.2562355681702,-790.2562355681702,-7859392.621823212,-3696685.3623208953,-34.010213214221814,655.0733292736945,65.0,21490,0.8486,4.0,332.48199979291496,0.0,1
27,2025-01-06 17:04:00,EPSG:3857,757,845,790.2562355681702,-790.2562355681702,-7859208.127993528,-3696334.755782645,-34.01054474243384,655.0707716063778,65.0,22989,0.8779,8.0,328.4131347528996,0.0,1
29,2025-01-06 17:08:00,EPSG:3857,757,844,790.2562355681702,-790.2562355681702,-7859267.008736561,-3696510.365681961,-34.008910096006844,655.0833823318872,65.0,23056,0.8623,4.0,153.53377609777368,0.0,1
31,2025-01-06 17:12:00,EPSG:3857,757,845,790.2562355681702,-790.2562355681702,-7859233.733718787,-3696335.865213046,-34.010553003747674,655.0707078718765,65.0,24345,0.866,4.0,147.2586834179992,0.0,1
33,2025-01-06 17:16:00,EPSG:3857,757,844,790.2562355681702,-790.2562355681702,-7859166.434873854,-3696596.2424531146,-34.009549582700494,655.0784489791847,65.0,24099,0.8647,4.0,222.92860369303824,0.0,1
35,2025-01-06 17:24:00,EPSG:3857,757,845,790.2562355681702,-790.2562355681702,-7859288.329689372,-3696238.958091998,-34.00983138704897,655.0762749592668,65.0,23992,0.8736,8.0,312.93111879856343,0.0,1
37,2025-01-06 17:28:00,EPSG:3857,757,844,790.2562355681702,-790.2562355681702,-7859186.974458563,-3697133.887389294,-34.01355307954784,655.047561944043,70.0,24229,0.8683,4.0,746.5866772141964,0.0,1
39,2025-01-06 17:32:00,EPSG:3857,757,845,790.2562355681702,-790.2562355681702,-7859202.192692237,-3696369.329031002,-34.01080218989142,655.0687854406768,70.0,24160,0.8505,4.0,633.8719865671877,0.0,1
41,2025-01-06 17:36:00,EPSG:3857,757,844,790.2562355681702,-790.2562355681702,-7859217.6779322885,-3696519.238217382,-34.008976166114294,655.0828726344546,70.0,26395,0.8736,4.0,124.92575634302297,0.0,1
43,2025-01-06 17:44:00,EPSG:3857,757,845,790.2562355681702,-790.2562355681702,-7859211.701079761,-3696343.8004197446,-34.010612092814355,655.0702520103091,65.0,25563,0.8733,8.0,145.51352604800402,0.0,1
45,2025-01-06 17:48:00,EPSG:3857,757,844,790.2562355681702,-790.2562355681702,-7859175.065458889,-3696588.5364237744,-34.00949219947257,655.078891668355,70.0,24290,0.8647,4.0,205.1303974311576,0.0,1
47,2025-01-06 17:52:00,EPSG:3857,757,845,790.2562355681702,-790.2562355681702,-7859173.290940809,-3696373.8141770964,-34.01083558818451,655.0685277772517,65.0,24239,0.8788,4.0,177.99899367142405,0.0,1
49,2025-01-06 17:56:00,EPSG:3857,757,844,790.2562355681702,-790.2562355681702,-7859208.669836495,-3696467.9588491837,-34.008594309124604,655.0858184557923,70.0,24900,0.8737,4.0,83.36798210051116,0.0,1
51,2025-01-06 18:04:00,EPSG:3857,757,845,790.2562355681702,-790.2562355681702,-7859235.4202865185,-3696260.1681612222,-34.009989327876944,655.0750564952491,70.0,25052,0.873,8.0,173.67036027798113,0.0,1
53,2025-01-06 18:08:00,EPSG:3857,757,844,790.2562355681702,-790.2562355681702,-7859217.306308414,-3696563.283997085,-34.00930415608644,655.0803423449613,70.0,23231,0.8869,4.0,251.71311597141678,0.0,1
56,2025-01-06 18:12:00,EPSG:3857,757,845,790.2562355681702,-790.2562355681702,-7859310.7729179915,-3696445.814931682,-34.01137173442992,655.0643914492329,65.0,24252,0.8819,4.0,124.43865423461048,0.0,1
57,2025-01-06 18:16:00,EPSG:3857,757,844,790.2562355681702,-790.2562355681702,-7859188.070175747,-3696776.758006338,-34.01089378724327,655.0680787786594,70.0,22755,0.8682,4.0,292.5761845752022,0.0,1
